{"cameraMode":{"drawMode":0,"name":"Shaded","section":"Shading Mode"},"sceneLighting":true,"audioPlay":false,"sceneViewState":{"showFog":true,"showMaterialUpdate":false,"showSkybox":true,"showFlares":true,"showImageEffects":true,"showParticleSystems":true},"in2DMode":false,"pivot":{"x":17.238819122314454,"y":4.476532936096191,"z":0.21491241455078126},"rotation":{"x":-0.12609128654003144,"y":0.8659104108810425,"z":-0.3995499014854431,"w":-0.2732780873775482},"size":7.91145133972168,"orthographic":false}